대여일,총대여시간
2018-08-17,66시간 8분
2018-08-16,220시간 40분
2018-08-15,190시간 46분
2018-08-14,228시간 28분
2018-08-13,198시간 30분
2018-08-12,166시간 58분
2018-08-11,269시간 48분
2018-08-10,101시간 8분
2018-08-09,150시간 52분
2018-08-08,117시간 5분
2018-08-07,174시간 58분
2018-08-06,149시간 5분
2018-08-05,109시간 49분
2018-08-04,198시간 54분
2018-08-03,163시간 3분
2018-08-02,199시간 14분
2018-08-01,166시간 4분
2018-07-31,224시간 48분
2018-07-30,140시간 23분
2018-07-29,103시간 9분
2018-07-28,188시간 19분
2018-07-27,108시간 15분
2018-07-26,90시간 17분
2018-07-25,115시간 54분
2018-07-24,124시간 12분
2018-07-23,208시간 50분
2018-07-22,146시간 35분
2018-07-21,157시간 30분
2018-07-20,102시간 37분
2018-07-19,164시간 14분
2018-07-18,154시간 4분
2018-07-17,148시간 2분
2018-07-16,197시간 30분
2018-07-15,185시간 8분
2018-07-14,207시간 5분
2018-07-13,130시간 0분
2018-07-12,177시간 40분
2018-07-11,192시간 34분
2018-07-10,215시간 38분
2018-07-09,37시간 58분
2018-07-08,317시간 4분
2018-07-07,355시간 59분
2018-07-06,128시간 21분
2018-07-05,124시간 25분
2018-07-04,154시간 8분
2018-07-03,16시간 24분
2018-07-02,51시간 7분
2018-07-01,99시간 19분
2018-06-30,28시간 34분
2018-06-29,128시간 8분
2018-06-28,4시간 27분
2018-06-27,120시간 36분
2018-06-26,115시간 53분
2018-06-25,232시간 9분
2018-06-24,271시간 15분
2018-06-23,354시간 41분
2018-06-22,181시간 32분
2018-06-21,163시간 41분
2018-06-20,130시간 7분
2018-06-19,37시간 2분
2018-06-18,128시간 19분
2018-06-17,303시간 29분
2018-06-16,332시간 3분
2018-06-15,142시간 18분
2018-06-14,121시간 28분
2018-06-13,247시간 13분
2018-06-12,143시간 9분
2018-06-11,83시간 6분
2018-06-10,96시간 16분
2018-06-09,300시간 10분
2018-06-08,125시간 35분
2018-06-07,131시간 35분
2018-06-06,279시간 46분
2018-06-05,81시간 52분
2018-06-04,193시간 45분
2018-06-03,298시간 38분
2018-06-02,420시간 9분
2018-06-01,158시간 21분
2018-05-31,103시간 2분
2018-05-30,126시간 16분
2018-05-29,141시간 30분
2018-05-28,40시간 41분
2018-05-27,286시간 25분
2018-05-26,365시간 27분
2018-05-25,139시간 54분
2018-05-24,114시간 48분
2018-05-23,149시간 43분
2018-05-22,351시간 37분
2018-05-21,464시간 2분
2018-05-20,378시간 18분
2018-05-19,315시간 38분
2018-05-18,96시간 54분
2018-05-17,41시간 44분
2018-05-16,17시간 36분
2018-05-15,112시간 55분
2018-05-14,122시간 13분
2018-05-13,242시간 29분
2018-05-12,84시간 52분
2018-05-11,129시간 52분
2018-05-10,91시간 4분
2018-05-09,76시간 47분
2018-05-08,83시간 13분
2018-05-07,148시간 51분
2018-05-06,58시간 21분
2018-05-05,402시간 42분
2018-05-04,160시간 47분
2018-05-03,106시간 7분
2018-05-02,32시간 49분
2018-05-01,88시간 50분
2018-04-30,171시간 52분
2018-04-29,308시간 26분
2018-04-28,327시간 8분
2018-04-27,146시간 22분
2018-04-26,95시간 35분
2018-04-25,65시간 41분
2018-04-24,49시간 24분
2018-04-23,1시간 37분
2018-04-22,115시간 36분
2018-04-21,361시간 1분
2018-04-20,156시간 57분
2018-04-19,123시간 54분
2018-04-18,83시간 20분
2018-04-17,87시간 21분
2018-04-16,84시간 8분
2018-04-15,170시간 23분
2018-04-14,46시간 16분
2018-04-13,101시간 39분
2018-04-12,104시간 5분
2018-04-11,70시간 16분
2018-04-10,92시간 26분
2018-04-09,95시간 54분
2018-04-08,140시간 33분
2018-04-07,117시간 5분
2018-04-06,93시간 17분
2018-04-05,23시간 1분
2018-04-04,8시간 35분
2018-04-03,114시간 59분
2018-04-02,145시간 42분
2018-04-01,298시간 9분
2018-03-31,429시간 24분
2018-03-30,186시간 55분
2018-03-29,155시간 6분
2018-03-28,108시간 36분
2018-03-27,95시간 53분
2018-03-26,128시간 49분
2018-03-25,253시간 32분
2018-03-24,271시간 37분
2018-03-23,81시간 55분
2018-03-22,69시간 37분
2018-03-21,3시간 21분
2018-03-20,15시간 48분
2018-03-19,2시간 15분
2018-03-18,104시간 21분
2018-03-17,256시간 23분
2018-03-16,41시간 28분
2018-03-15,14시간 11분
2018-03-14,90시간 48분
2018-03-13,96시간 19분
2018-03-12,46시간 36분
2018-03-11,213시간 47분
2018-03-10,230시간 52분
2018-03-09,43시간 6분
2018-03-08,13시간 11분
2018-03-07,9시간 58분
2018-03-06,60시간 52분
2018-03-05,5시간 7분
2018-03-04,36시간 36분
2018-03-03,246시간 29분
2018-03-02,136시간 7분
2018-03-01,109시간 51분
2018-02-28,7시간 52분
2018-02-27,248시간 40분
2018-02-26,283시간 52분
2018-02-25,228시간 3분
2018-02-24,257시간 21분
2018-02-23,190시간 55분
2018-02-22,201시간 55분
2018-02-21,174시간 47분
2018-02-20,244시간 33분
2018-02-19,180시간 4분
2018-02-18,90시간 59분
2018-02-17,141시간 42분
2018-02-16,82시간 49분
2018-02-15,115시간 17분
2018-02-14,56시간 1분
2018-02-13,57시간 18분
2018-02-12,26시간 47분
2018-02-11,26시간 37분
2018-02-10,89시간 4분
2018-02-09,97시간 56분
2018-02-08,36시간 37분
2018-02-07,25시간 19분
2018-02-06,10시간 55분
2018-02-05,15시간 42분
2018-02-04,18시간 19분
2018-02-03,11시간 24분
2018-02-02,38시간 19분
2018-02-01,63시간 4분
2018-01-31,65시간 2분
2018-01-30,12시간 29분
2018-01-29,21시간 57분
2018-01-28,61시간 10분
2018-01-27,47시간 23분
2018-01-26,5시간 48분
2018-01-25,6시간 45분
2018-01-24,12시간 34분
2018-01-23,16시간 56분
2018-01-22,61시간 44분
2018-01-21,99시간 1분
2018-01-20,104시간 15분
2018-01-19,52시간 28분
2018-01-18,96시간 52분
2018-01-17,60시간 5분
2018-01-16,2시간 53분
2018-01-15,106시간 43분
2018-01-14,73시간 7분
2018-01-13,63시간 10분
2018-01-12,9시간 13분
2018-01-11,10시간 2분
2018-01-10,2시간 23분
2018-01-09,14시간 44분
2018-01-08,18시간 50분
2018-01-07,52시간 12분
2018-01-06,96시간 28분
2018-01-05,31시간 50분
2018-01-04,74시간 37분
2018-01-03,29시간 38분
2018-01-02,47시간 22분
2018-01-01,66시간 58분
2017-12-31,58시간 0분
2017-12-30,71시간 36분
2017-12-29,52시간 36분
2017-12-28,56시간 33분
2017-12-27,32시간 39분
2017-12-26,25시간 6분
2017-12-25,67시간 31분
2017-12-24,56시간 36분
2017-12-23,83시간 24분
2017-12-22,55시간 11분
2017-12-21,44시간 0분
2017-12-20,65시간 27분
2017-12-19,18시간 44분
2017-12-18,17시간 53분
2017-12-17,19시간 51분
2017-12-16,21시간 32분
2017-12-15,31시간 6분
2017-12-14,29시간 25분
2017-12-13,11시간 49분
2017-12-12,5시간 31분
2017-12-11,6시간 14분
2017-12-10,55시간 39분
2017-12-09,63시간 29분
2017-12-08,17시간 5분
2017-12-07,36시간 13분
2017-12-06,24시간 9분
2017-12-05,18시간 11분
2017-12-04,27시간 21분
2017-12-03,106시간 45분
2017-12-02,84시간 22분
2017-12-01,21시간 13분
2017-11-30,47시간 55분
2017-11-29,57시간 55분
2017-11-28,72시간 14분
2017-11-27,101시간 40분
2017-11-26,116시간 43분
2017-11-25,56시간 50분
2017-11-24,32시간 48분
2017-11-23,20시간 45분
2017-11-22,39시간 28분
2017-11-21,42시간 31분
2017-11-20,35시간 37분
2017-11-19,40시간 51분
2017-11-18,40시간 22분
2017-11-17,75시간 6분
2017-11-16,67시간 56분
2017-11-15,48시간 55분
2017-11-14,84시간 12분
2017-11-13,92시간 39분
2017-11-12,129시간 48분
2017-11-11,180시간 0분
2017-11-10,142시간 48분
2017-11-09,90시간 9분
2017-11-08,75시간 3분
2017-11-07,78시간 2분
2017-11-06,105시간 11분
2017-11-05,135시간 32분
2017-11-04,208시간 31분
2017-11-03,87시간 1분
2017-11-02,111시간 49분
2017-11-01,98시간 18분
2017-10-31,49시간 48분
2017-10-30,50시간 43분
2017-10-29,171시간 6분
2017-10-28,218시간 37분
2017-10-27,101시간 52분
2017-10-26,83시간 28분
2017-10-25,66시간 41분
2017-10-24,72시간 57분
2017-10-23,85시간 54분
2017-10-22,230시간 2분
2017-10-21,215시간 46분
2017-10-20,210시간 8분
2017-10-19,108시간 15분
2017-10-18,72시간 56분
2017-10-17,78시간 19분
2017-10-16,48시간 0분
2017-10-15,80시간 21분
2017-10-14,281시간 36분
2017-10-13,106시간 6분
2017-10-12,19시간 53분
2017-10-11,107시간 43분
2017-10-10,87시간 29분
2017-10-09,304시간 7분
2017-10-08,437시간 19분
2017-10-07,488시간 28분
2017-10-06,87시간 34분
2017-10-05,288시간 21분
2017-10-04,317시간 37분
2017-10-03,303시간 43분
2017-10-02,284시간 21분
2017-10-01,57시간 35분
2017-09-30,338시간 41분
2017-09-29,125시간 4분
2017-09-28,85시간 35분
2017-09-27,60시간 50분
2017-09-26,62시간 15분
2017-09-25,113시간 10분
2017-09-24,258시간 16분
2017-09-23,328시간 27분
2017-09-22,185시간 53분
2017-09-21,114시간 38분
2017-09-20,124시간 45분
2017-09-19,128시간 39분
2017-09-18,108시간 11분
2017-09-17,158시간 33분
2017-09-16,216시간 5분
2017-09-15,194시간 17분
2017-09-14,134시간 1분
2017-09-13,114시간 54분
2017-09-12,106시간 22분
2017-09-11,57시간 28분
2017-09-10,249시간 7분
2017-09-09,260시간 51분
2017-09-08,138시간 50분
2017-09-07,94시간 3분
2017-09-06,32시간 1분
2017-09-05,80시간 4분
2017-09-04,119시간 6분
2017-09-03,292시간 56분
2017-09-02,377시간 3분
2017-09-01,172시간 30분
2017-08-31,178시간 58분
2017-08-30,247시간 12분
2017-08-29,243시간 27분
2017-08-28,157시간 6분
2017-08-27,234시간 20분
2017-08-26,314시간 15분
2017-08-25,187시간 57분
2017-08-24,182시간 16분
2017-08-23,235시간 38분
2017-08-22,168시간 0분
2017-08-21,122시간 7분
2017-08-20,157시간 25분
2017-08-19,255시간 53분
2017-08-18,215시간 27분
2017-08-17,92시간 5분
2017-08-14,48시간 34분
2017-08-13,181시간 1분
2017-08-12,317시간 14분
2017-08-11,178시간 33분
2017-08-10,200시간 6분
2017-08-09,175시간 20분
2017-08-08,181시간 24분
2017-08-07,180시간 30분
2017-08-06,115시간 48분
2017-08-05,152시간 0분
2017-08-04,176시간 13분
2017-08-03,187시간 43분
2017-08-02,222시간 59분
2017-08-01,183시간 43분
2017-07-31,222시간 52분
2017-07-30,245시간 36분
2017-07-29,301시간 15분
2017-07-28,230시간 25분
2017-07-27,225시간 30분
2017-07-26,248시간 55분
2017-07-25,135시간 27분
2017-07-24,167시간 55분
2017-07-23,219시간 30분
2017-07-22,189시간 19분
2017-07-21,97시간 1분
2017-07-20,168시간 24분
2017-07-19,173시간 31분
2017-07-18,203시간 52분
2017-07-17,108시간 0분
2017-07-16,148시간 51분
2017-07-15,300시간 35분
2017-07-14,142시간 5분
2017-07-13,195시간 7분
2017-07-12,159시간 13분
2017-07-11,228시간 59분
2017-07-10,108시간 28분
2017-07-09,169시간 42분
2017-07-08,126시간 45분
2017-07-07,91시간 23분
2017-07-06,9시간 54분
2017-07-05,90시간 38분
2017-07-04,134시간 39분
2017-07-03,116시간 1분
2017-07-02,109시간 35분
2017-07-01,237시간 46분
2017-06-30,117시간 39분
2017-06-29,67시간 9분
2017-06-28,265시간 12분
2017-06-27,216시간 10분
2017-06-26,136시간 23분
2017-06-25,259시간 54분
2017-06-24,318시간 30분
2017-06-23,231시간 8분
2017-06-22,162시간 9분
2017-06-21,173시간 58분
2017-06-20,55시간 2분
2017-06-19,115시간 6분
2017-06-18,239시간 14분
2017-06-17,236시간 18분
2017-06-16,130시간 37분
2017-06-15,122시간 21분
2017-06-14,140시간 48분
2017-06-13,101시간 11분
2017-06-12,115시간 37분
2017-06-11,187시간 53분
2017-06-10,221시간 42분
2017-06-09,116시간 24분
2017-06-08,108시간 4분
2017-06-07,102시간 54분
2017-06-06,55시간 55분
2017-06-05,263시간 16분
2017-06-04,321시간 27분
2017-06-03,345시간 16분
2017-06-02,114시간 11분
2017-06-01,62시간 46분
2017-05-31,60시간 3분
2017-05-30,103시간 15분
2017-05-29,147시간 30분
2017-05-28,333시간 21분
2017-05-27,299시간 57분
2017-05-26,153시간 33분
2017-05-25,113시간 2분
2017-05-24,131시간 34분
2017-05-23,89시간 53분
2017-05-22,122시간 42분
2017-05-21,355시간 15분
2017-05-20,334시간 55분
2017-05-19,113시간 57분
2017-05-18,126시간 31분
2017-05-17,110시간 33분
2017-05-16,110시간 13분
2017-05-15,120시간 48분
2017-05-14,280시간 39분
2017-05-13,257시간 9분
2017-05-12,33시간 21분
2017-05-11,119시간 59분
2017-05-10,125시간 49분
2017-05-09,28시간 32분
2017-05-08,155시간 57분
2017-05-07,219시간 33분
2017-05-06,559시간 15분
2017-05-05,236시간 1분
2017-05-04,551시간 3분
2017-05-03,588시간 35분
2017-05-02,371시간 11분
2017-05-01,384시간 1분
2017-04-30,458시간 13분
2017-04-29,414시간 22분
2017-04-28,203시간 25분
2017-04-27,148시간 7분
2017-04-26,132시간 6분
2017-04-25,90시간 30분
2017-04-24,103시간 12분
2017-04-23,307시간 41분
2017-04-22,274시간 7분
2017-04-21,177시간 53분
2017-04-20,91시간 14분
2017-04-19,77시간 21분
2017-04-18,71시간 49분
2017-04-17,23시간 29분
2017-04-16,356시간 32분
2017-04-15,288시간 33분
2017-04-14,122시간 8분
2017-04-13,116시간 4분
2017-04-12,116시간 18분
2017-04-11,54시간 2분
2017-04-10,74시간 59분
2017-04-09,229시간 7분
2017-04-08,379시간 47분
2017-04-07,146시간 47분
2017-04-06,20시간 21분
2017-04-05,14시간 49분
2017-04-04,141시간 10분
2017-04-03,140시간 57분
2017-04-02,277시간 41분
2017-04-01,129시간 31분
2017-03-31,73시간 23분
2017-03-30,106시간 55분
2017-03-29,34시간 3분
2017-03-28,49시간 56분
2017-03-27,52시간 53분
2017-03-26,189시간 24분
2017-03-25,16시간 11분
2017-03-24,117시간 43분
2017-03-23,123시간 44분
2017-03-22,46시간 26분
2017-03-21,56시간 32분
2017-03-20,15시간 51분
2017-03-19,349시간 39분
2017-03-18,371시간 29분
2017-03-17,144시간 41분
2017-03-16,59시간 59분
2017-03-15,97시간 11분
2017-03-14,123시간 59분
2017-03-13,120시간 20분
2017-03-12,282시간 47분
2017-03-11,257시간 51분
2017-03-10,85시간 53분
2017-03-09,30시간 20분
2017-03-08,26시간 53분
2017-03-07,25시간 21분
2017-03-06,42시간 11분
2017-03-05,186시간 46분
2017-03-04,251시간 19분
2017-03-03,76시간 34분
2017-03-02,57시간 13분
2017-03-01,202시간 2분
2017-02-28,279시간 58분
2017-02-27,268시간 13분
2017-02-26,197시간 36분
2017-02-25,233시간 19분
2017-02-24,151시간 19분
2017-02-23,98시간 15분
2017-02-22,12시간 59분
2017-02-21,320시간 13분
2017-02-20,59시간 10분
2017-02-19,193시간 9분
2017-02-18,132시간 36분
2017-02-17,195시간 42분
2017-02-16,200시간 40분
2017-02-15,254시간 1분
2017-02-14,214시간 50분
2017-02-13,82시간 52분
2017-02-12,104시간 59분
2017-02-11,59시간 28분
2017-02-10,16시간 21분
2017-02-09,59시간 22분
2017-02-08,123시간 46분
2017-02-07,245시간 0분
2017-02-06,76시간 47분
2017-02-05,89시간 2분
2017-02-04,151시간 7분
2017-02-03,237시간 56분
2017-02-02,143시간 52분
2017-02-01,52시간 48분
2017-01-31,56시간 27분
2017-01-30,74시간 17분
2017-01-29,59시간 3분
2017-01-28,90시간 44분
2017-01-27,41시간 44분
2017-01-26,93시간 3분
2017-01-25,68시간 7분
2017-01-24,27시간 48분
2017-01-23,49시간 5분
2017-01-22,19시간 5분
2017-01-21,59시간 8분
2017-01-20,16시간 7분
2017-01-19,125시간 34분
2017-01-18,102시간 37분
2017-01-17,138시간 40분
2017-01-16,60시간 33분
2017-01-15,35시간 17분
2017-01-14,20시간 15분
2017-01-13,52시간 54분
2017-01-12,78시간 35분
2017-01-11,74시간 2분
2017-01-10,77시간 49분
2017-01-09,104시간 15분
2017-01-08,153시간 1분
2017-01-07,97시간 10분
2017-01-06,108시간 41분
2017-01-05,84시간 22분
2017-01-04,130시간 55분
2017-01-03,160시간 32분
2017-01-02,108시간 20분
2017-01-01,185시간 55분
2016-12-31,118시간 48분
2016-12-30,89시간 5분
2016-12-29,67시간 25분
2016-12-28,155시간 52분
2016-12-27,71시간 34분
2016-12-26,8시간 16분
2016-12-25,122시간 49분
2016-12-24,109시간 57분
2016-12-23,31시간 59분
2016-12-22,60시간 11분
2016-12-21,18시간 24분
2016-12-20,139시간 19분
2016-12-19,17시간 25분
2016-12-18,116시간 31분
2016-12-17,67시간 12분
2016-12-16,15시간 23분
2016-12-15,25시간 12분
2016-12-14,14시간 18분
2016-12-13,71시간 5분
2016-12-12,41시간 15분
2016-12-11,108시간 33분
2016-12-10,114시간 21분
2016-12-09,46시간 23분
2016-12-08,51시간 39분
2016-12-07,55시간 18분
2016-12-06,34시간 26분
2016-12-05,73시간 36분
2016-12-04,68시간 36분
2016-12-03,118시간 46분
2016-12-02,92시간 35분
2016-12-01,51시간 47분
2016-11-30,19시간 50분
2016-11-29,59시간 14분
2016-11-28,40시간 56분
2016-11-27,94시간 23분
2016-11-26,33시간 32분
2016-11-25,82시간 17분
2016-11-24,15시간 28분
2016-11-23,51시간 37분
2016-11-22,36시간 35분
2016-11-21,62시간 16분
2016-11-20,214시간 46분
2016-11-19,134시간 35분
2016-11-18,43시간 35분
2016-11-17,68시간 39분
2016-11-16,48시간 56분
2016-11-15,64시간 59분
2016-11-14,66시간 23분
2016-11-13,127시간 32분
2016-11-12,173시간 32분
2016-11-11,119시간 50분
2016-11-10,40시간 9분
2016-11-09,34시간 27분
2016-11-08,44시간 16분
2016-11-07,92시간 19분
2016-11-06,134시간 22분
2016-11-05,194시간 38분
2016-11-04,100시간 55분
2016-11-03,87시간 53분
2016-11-02,55시간 0분
2016-11-01,23시간 56분
2016-10-31,51시간 37분
2016-10-30,151시간 46분
2016-10-29,171시간 38분
2016-10-28,45시간 47분
2016-10-27,96시간 3분
2016-10-26,79시간 12분
2016-10-25,59시간 4분
2016-10-24,111시간 12분
2016-10-23,122시간 43분
2016-10-22,237시간 29분
2016-10-21,50시간 56분
2016-10-20,88시간 48분
2016-10-19,89시간 43분
2016-10-18,77시간 33분
2016-10-17,75시간 48분
2016-10-16,14시간 6분
2016-10-15,202시간 3분
2016-10-14,158시간 49분
2016-10-13,83시간 1분
2016-10-12,93시간 30분
2016-10-11,70시간 20분
2016-10-10,88시간 20분
2016-10-09,194시간 27분
2016-10-08,38시간 0분
2016-10-07,35시간 1분
2016-10-06,105시간 29분
2016-10-05,41시간 58분
2016-10-04,60시간 20분
2016-10-03,260시간 32분
2016-10-02,354시간 58분
2016-10-01,198시간 29분
2016-09-30,10시간 24분
2016-09-29,24시간 18분
2016-09-28,21시간 55분
2016-09-27,115시간 16분
2016-09-26,44시간 50분
2016-09-25,235시간 9분
2016-09-24,292시간 35분
2016-09-23,129시간 26분
2016-09-22,94시간 28분
2016-09-21,92시간 2분
2016-09-20,97시간 36분
2016-09-19,61시간 31분
2016-09-18,65시간 39분
2016-09-17,5시간 58분
2016-09-16,237시간 7분
2016-09-15,205시간 52분
2016-09-14,167시간 55분
2016-09-13,118시간 40분
2016-09-12,85시간 56분
2016-09-11,200시간 48분
2016-09-10,255시간 37분
2016-09-09,134시간 11분
2016-09-08,108시간 44분
2016-09-07,77시간 30분
2016-09-06,76시간 53분
2016-09-05,122시간 28분
2016-09-04,190시간 11분
2016-09-03,183시간 55분
2016-09-02,11시간 22분
2016-09-01,155시간 56분
2016-08-31,209시간 14분
2016-08-30,269시간 11분
2016-08-29,307시간 6분
2016-08-28,121시간 44분
2016-08-27,362시간 31분
2016-08-26,240시간 7분
2016-08-25,380시간 57분
2016-08-24,439시간 55분
2016-08-23,425시간 22분
2016-08-22,232시간 37분
2016-08-21,200시간 32분
2016-08-20,210시간 53분
2016-08-19,193시간 42분
2016-08-18,322시간 28분
2016-08-17,357시간 30분
2016-08-16,316시간 12분
2016-08-15,278시간 23분
2016-08-14,380시간 32분
2016-08-13,295시간 4분
2016-08-12,212시간 28분
2016-08-11,189시간 10분
2016-08-10,263시간 49분
2016-08-09,318시간 20분
2016-08-08,219시간 53분
2016-08-07,231시간 9분
2016-08-06,255시간 52분
2016-08-05,329시간 10분
2016-08-04,252시간 35분
2016-08-03,473시간 46분
2016-08-02,295시간 49분
2016-08-01,223시간 14분
2016-07-31,192시간 45분
2016-07-30,166시간 14분
2016-07-29,206시간 5분
2016-07-28,232시간 59분
2016-07-27,273시간 30분
2016-07-26,259시간 36분
2016-07-25,297시간 28분
2016-07-24,240시간 45분
2016-07-23,237시간 30분
2016-07-22,277시간 38분
2016-07-21,239시간 36분
2016-07-20,276시간 53분
2016-07-19,450시간 38분
2016-07-18,312시간 11분
2016-07-17,193시간 25분
2016-07-16,100시간 12분
2016-07-15,233시간 22분
2016-07-14,223시간 53분
2016-07-13,291시간 42분
2016-07-12,42시간 3분
2016-07-11,142시간 59분
2016-07-10,162시간 2분
2016-07-09,241시간 11분
2016-07-08,158시간 32분
2016-07-07,215시간 41분
2016-07-06,257시간 7분
2016-07-05,117시간 52분
2016-07-04,93시간 54분
2016-07-03,23시간 35분
2016-07-02,66시간 47분
2016-07-01,52시간 48분
2016-06-30,410시간 29분
2016-06-29,409시간 30분
2016-06-28,419시간 7분
2016-06-27,201시간 50분
2016-06-26,252시간 45분
2016-06-25,275시간 24분
2016-06-24,21시간 30분
2016-06-23,268시간 35분
2016-06-22,38시간 18분
2016-06-21,152시간 33분
2016-06-20,41시간 16분
2016-06-19,156시간 7분
2016-06-18,153시간 43분
2016-06-17,141시간 24분
2016-06-16,135시간 46분
2016-06-15,79시간 52분
2016-06-14,127시간 36분
2016-06-13,92시간 46분
2016-06-12,132시간 26분
2016-06-11,182시간 35분
2016-06-10,147시간 59분
2016-06-09,158시간 17분
2016-06-08,116시간 52분
2016-06-07,139시간 43분
2016-06-06,224시간 50분
2016-06-05,449시간 20분
2016-06-04,47시간 31분
2016-06-03,148시간 46분
2016-06-02,120시간 44분
2016-06-01,108시간 10분
2016-05-31,133시간 12분
2016-05-30,100시간 38분
2016-05-29,163시간 19분
2016-05-28,197시간 12분
2016-05-27,111시간 13분
2016-05-26,76시간 3분
2016-05-25,80시간 7분
2016-05-24,40시간 43분
2016-05-23,76시간 8분
2016-05-22,251시간 14분
2016-05-21,220시간 33분
2016-05-20,160시간 49분
2016-05-19,109시간 29분
2016-05-18,110시간 4분
2016-05-17,128시간 9분
2016-05-16,80시간 12분
2016-05-15,152시간 18분
2016-05-14,254시간 33분
2016-05-13,163시간 37분
2016-05-12,114시간 45분
2016-05-11,90시간 9분
2016-05-10,4시간 10분
2016-05-09,99시간 21분
2016-05-08,150시간 52분
2016-05-07,264시간 1분
2016-05-06,464시간 23분
2016-05-05,537시간 51분
2016-05-04,170시간 56분
2016-05-03,29시간 42분
2016-05-02,76시간 37분
2016-05-01,252시간 18분
2016-04-30,317시간 18분
2016-04-29,104시간 26분
2016-04-28,73시간 11분
2016-04-27,0시간 48분
2016-04-26,47시간 28분
2016-04-25,86시간 38분
2016-04-24,244시간 45분
2016-04-23,241시간 13분
2016-04-22,146시간 11분
2016-04-21,30시간 48분
2016-04-20,92시간 31분
2016-04-19,99시간 23분
2016-04-18,91시간 37분
2016-04-17,161시간 8분
2016-04-16,29시간 1분
2016-04-15,119시간 40분
2016-04-14,144시간 51분
2016-04-13,43시간 19분
2016-04-12,69시간 24분
2016-04-11,63시간 24분
2016-04-10,264시간 55분
2016-04-09,303시간 45분
2016-04-08,137시간 59분
2016-04-07,47시간 22분
2016-04-06,35시간 48분
2016-04-05,88시간 39분
2016-04-04,46시간 28분
2016-04-03,3시간 27분
2016-04-02,243시간 11분
2016-04-01,148시간 39분
2016-03-31,112시간 27분
2016-03-30,76시간 24분
2016-03-29,79시간 7분
2016-03-28,69시간 43분
2016-03-27,231시간 23분
2016-03-26,175시간 33분
2016-03-25,103시간 47분
2016-03-24,37시간 50분
2016-03-23,51시간 12분
2016-03-22,49시간 40분
2016-03-21,70시간 52분
2016-03-20,177시간 32분
2016-03-19,277시간 27분
2016-03-18,15시간 24분
2016-03-17,71시간 23분
2016-03-16,57시간 57분
2016-03-15,30시간 15분
2016-03-14,52시간 59분
2016-03-13,50시간 5분
2016-03-12,161시간 38분
2016-03-11,31시간 43분
2016-03-10,25시간 8분
2016-03-09,58시간 21분
2016-03-08,30시간 47분
2016-03-07,81시간 15분
2016-03-06,172시간 52분
2016-03-05,16시간 45분
2016-03-04,24시간 47분
2016-03-03,91시간 36분
2016-03-02,57시간 19분
2016-03-01,107시간 49분
2016-02-29,35시간 47분
2016-02-28,259시간 29분
2016-02-27,376시간 34분
2016-02-26,177시간 3분
2016-02-25,162시간 55분
2016-02-24,147시간 45분
2016-02-23,313시간 56분
2016-02-22,191시간 48분
2016-02-21,176시간 52분
2016-02-20,326시간 18분
2016-02-19,282시간 24분
2016-02-18,261시간 27분
2016-02-17,214시간 52분
2016-02-16,74시간 23분
2016-02-15,91시간 37분
2016-02-14,77시간 16분
2016-02-13,18시간 9분
2016-02-12,67시간 52분
2016-02-11,223시간 33분
2016-02-10,197시간 50분
2016-02-09,121시간 10분
2016-02-08,72시간 4분
2016-02-07,53시간 14분
2016-02-06,27시간 39분
2016-02-05,71시간 27분
2016-02-04,70시간 3분
2016-02-03,104시간 25분
2016-02-02,115시간 39분
2016-02-01,60시간 53분
2016-01-31,98시간 51분
2016-01-30,35시간 35분
2016-01-29,1시간 35분
2016-01-28,20시간 50분
2016-01-27,210시간 35분
2016-01-26,89시간 3분
2016-01-25,49시간 33분
2016-01-24,2시간 44분
2016-01-23,21시간 51분
2016-01-22,72시간 52분
2016-01-21,60시간 32분
2016-01-20,88시간 34분
2016-01-19,20시간 18분
2016-01-18,39시간 56분
2016-01-17,4시간 23분
2016-01-16,161시간 0분
2016-01-15,139시간 42분
2016-01-14,100시간 20분
2016-01-13,97시간 36분
2016-01-12,97시간 2분
2016-01-11,104시간 11분
2016-01-10,150시간 7분
2016-01-09,113시간 59분
2016-01-08,76시간 30분
2016-01-07,70시간 5분
2016-01-06,98시간 10분
2016-01-05,28시간 36분
2016-01-04,17시간 38분
2016-01-03,23시간 12분
2016-01-02,14시간 48분
2016-01-01,3시간 14분
2015-12-31,6시간 42분
2015-12-30,2시간 7분
2015-12-29,6시간 47분
2015-12-28,54시간 34분
2015-12-27,151시간 50분
2015-12-26,189시간 31분
2015-12-25,150시간 8분
2015-12-24,133시간 55분
2015-12-23,111시간 6분
2015-12-22,176시간 4분
2015-12-21,76시간 15분
2015-12-20,47시간 46분
2015-12-19,106시간 54분
2015-12-18,34시간 36분
2015-12-17,44시간 57분
2015-12-16,45시간 59분
2015-12-15,61시간 9분
2015-12-14,32시간 10분
2015-12-13,159시간 30분
2015-12-12,145시간 13분
2015-12-11,18시간 6분
2015-12-10,13시간 42분
2015-12-09,67시간 42분
2015-12-08,45시간 7분
2015-12-07,60시간 49분
2015-12-06,126시간 50분
2015-12-05,83시간 26분
2015-12-04,27시간 48분
2015-12-03,48시간 56분
2015-12-02,38시간 36분
2015-12-01,81시간 43분
2015-11-30,34시간 18분
2015-11-29,122시간 19분
2015-11-28,107시간 40분
2015-11-27,33시간 8분
2015-11-26,13시간 14분
2015-11-25,38시간 51분
2015-11-24,80시간 15분
2015-11-23,95시간 58분
2015-11-22,193시간 41분
2015-11-21,198시간 41분
2015-11-20,131시간 16분
2015-11-19,89시간 11분
2015-11-18,83시간 57분
2015-11-17,108시간 19분
2015-11-16,64시간 46분
2015-11-15,228시간 34분
2015-11-14,193시간 49분
2015-11-13,14시간 33분
2015-11-12,115시간 35분
2015-11-11,126시간 15분
2015-11-10,90시간 7분
2015-11-09,83시간 0분
2015-11-08,134시간 54분
2015-11-07,64시간 35분
2015-11-06,109시간 23분
2015-11-05,131시간 39분
2015-11-04,95시간 25분
2015-11-03,58시간 56분
2015-11-02,60시간 41분
2015-11-01,119시간 20분
2015-10-31,193시간 8분
2015-10-30,108시간 6분
2015-10-29,127시간 34분
2015-10-28,83시간 40분
2015-10-27,98시간 49분
2015-10-26,113시간 45분
2015-10-25,253시간 34분
2015-10-24,256시간 18분
2015-10-23,171시간 37분
2015-10-22,149시간 15분
2015-10-21,94시간 22분
2015-10-20,97시간 42분
2015-10-19,134시간 47분
2015-10-18,263시간 59분
2015-10-17,223시간 58분
2015-10-16,130시간 35분
2015-10-15,173시간 34분
2015-10-14,162시간 23분
2015-10-13,102시간 16분
2015-10-12,97시간 45분
2015-10-11,234시간 11분
2015-10-10,284시간 18분
2015-10-09,417시간 46분
2015-10-08,174시간 1분
2015-10-07,146시간 14분
2015-10-06,162시간 15분
2015-10-05,116시간 2분
2015-10-04,285시간 29분
2015-10-03,325시간 32분
2015-10-02,214시간 50분
2015-10-01,22시간 4분
2015-09-30,32시간 56분
2015-09-29,277시간 11분
2015-09-28,440시간 35분
2015-09-27,241시간 40분
2015-09-26,208시간 4분
2015-09-25,165시간 48분
2015-09-24,131시간 8분
2015-09-23,5시간 53분
2015-09-22,134시간 35분
2015-09-21,86시간 8분
2015-09-20,295시간 45분
2015-09-19,291시간 21분
2015-09-18,152시간 20분
2015-09-17,111시간 2분
2015-09-16,58시간 54분
2015-09-15,91시간 55분
2015-09-14,109시간 55분
2015-09-13,294시간 6분
2015-09-12,264시간 55분
2015-09-11,124시간 23분
2015-09-10,158시간 52분
2015-09-09,99시간 30분
2015-09-08,130시간 45분
2015-09-07,154시간 17분
2015-09-06,235시간 49분
2015-09-05,126시간 23분
2015-09-04,299시간 52분
2015-09-03,393시간 7분
2015-09-02,352시간 39분
2015-09-01,205시간 33분
2015-08-31,302시간 10분
2015-08-30,581시간 23분
2015-08-29,706시간 12분
2015-08-28,834시간 32분
2015-08-27,848시간 16분
2015-08-26,899시간 3분
2015-08-25,498시간 34분
2015-08-24,394시간 58분
2015-08-23,522시간 53분
2015-08-22,543시간 8분
2015-08-21,553시간 15분
2015-08-20,514시간 54분
2015-08-19,925시간 40분
2015-08-18,828시간 46분
2015-08-17,558시간 21분
2015-08-16,318시간 36분
2015-08-15,502시간 48분
2015-08-14,489시간 55분
2015-08-13,638시간 40분
2015-08-12,488시간 40분
2015-08-11,284시간 31분
2015-08-10,453시간 21분
2015-08-09,330시간 8분
2015-08-08,289시간 56분
2015-08-07,359시간 18분
2015-08-06,472시간 46분
2015-08-05,522시간 21분
2015-08-04,599시간 16분
2015-08-03,515시간 15분
2015-08-02,470시간 19분
2015-08-01,436시간 17분
2015-07-31,444시간 35분
2015-07-30,494시간 33분
2015-07-29,581시간 29분
2015-07-28,524시간 33분
2015-07-27,384시간 43분
2015-07-26,352시간 37분
2015-07-25,361시간 33분
2015-07-24,291시간 39분
2015-07-23,384시간 4분
2015-07-22,439시간 12분
2015-07-21,350시간 23분
2015-07-20,362시간 2분
2015-07-19,349시간 15분
2015-07-18,482시간 11분
2015-07-17,371시간 1분
2015-07-16,436시간 11분
2015-07-15,470시간 11분
2015-07-14,484시간 21분
2015-07-13,297시간 6분
2015-07-11,61시간 35분
2015-07-10,369시간 54분
2015-07-09,327시간 53분
2015-07-08,21시간 45분
2015-07-07,26시간 1분
2015-07-06,330시간 18분
2015-07-05,395시간 51분
2015-07-04,450시간 57분
2015-07-03,482시간 4분
2015-07-02,390시간 10분
2015-07-01,468시간 49분
2015-06-30,58시간 0분
2015-06-29,417시간 5분
2015-06-28,401시간 46분
2015-06-27,196시간 24분
2015-06-26,290시간 6분
2015-06-25,166시간 27분
2015-06-24,476시간 9분
2015-06-23,549시간 54분
2015-06-22,465시간 32분
2015-06-21,368시간 4분
2015-06-20,161시간 17분
2015-06-19,207시간 14분
2015-06-18,240시간 2분
2015-06-17,153시간 30분
2015-06-16,167시간 22분
2015-06-15,120시간 29분
2015-06-14,238시간 23분
2015-06-13,237시간 18분
2015-06-12,186시간 38분
2015-06-11,105시간 35분
2015-06-10,168시간 24분
2015-06-09,150시간 39분
2015-06-08,9시간 55분
2015-06-07,287시간 34분
2015-06-06,375시간 2분
2015-06-05,110시간 0분
2015-06-04,168시간 11분
2015-06-03,123시간 53분
2015-06-02,107시간 14분
2015-06-01,117시간 40분
2015-05-31,259시간 37분
2015-05-30,130시간 0분
2015-05-29,123시간 38분
2015-05-28,158시간 53분
2015-05-27,132시간 5분
2015-05-26,94시간 52분
2015-05-25,436시간 48분
2015-05-24,574시간 0분
2015-05-23,447시간 1분
2015-05-22,171시간 24분
2015-05-21,117시간 50분
2015-05-20,150시간 49분
2015-05-19,160시간 10분
2015-05-18,14시간 21분
2015-05-17,242시간 14분
2015-05-16,245시간 49분
2015-05-15,74시간 49분
2015-05-14,118시간 45분
2015-05-13,104시간 3분
2015-05-12,69시간 57분
2015-05-11,36시간 25분
2015-05-10,295시간 25분
2015-05-09,304시간 14분
2015-05-08,160시간 35분
2015-05-07,118시간 50분
2015-05-06,147시간 22분
2015-05-05,439시간 10분
2015-05-04,444시간 29분
2015-05-03,106시간 51분
2015-05-02,432시간 36분
2015-05-01,280시간 6분
2015-04-30,135시간 36분
2015-04-29,7시간 0분
2015-04-28,64시간 47분
2015-04-27,150시간 31분
2015-04-26,268시간 34분
2015-04-25,407시간 3분
2015-04-24,164시간 32분
2015-04-23,128시간 50분
2015-04-22,157시간 22분
2015-04-21,115시간 3분
2015-04-20,21시간 3분
2015-04-19,2시간 18분
2015-04-18,140시간 49분
2015-04-17,131시간 10분
2015-04-16,46시간 50분
2015-04-15,137시간 21분
2015-04-14,83시간 5분
2015-04-13,43시간 0분
2015-04-12,181시간 46분
2015-04-11,236시간 48분
2015-04-10,121시간 51분
2015-04-09,112시간 0분
2015-04-08,113시간 37분
2015-04-07,2시간 51분
2015-04-06,26시간 13분
2015-04-05,96시간 58분
2015-04-04,117시간 27분
2015-04-03,144시간 7분
2015-04-02,11시간 51분
2015-04-01,18시간 41분
2015-03-31,18시간 51분
2015-03-30,117시간 31분
2015-03-29,366시간 53분
2015-03-28,352시간 27분
2015-03-27,117시간 57분
2015-03-26,96시간 24분
2015-03-25,118시간 2분
2015-03-24,92시간 32분
2015-03-23,64시간 26분
2015-03-22,278시간 31분
2015-03-21,516시간 34분
2015-03-20,144시간 30분
2015-03-19,150시간 4분
2015-03-18,5시간 56분
2015-03-17,109시간 22분
2015-03-16,107시간 59분
2015-03-15,270시간 15분
2015-03-14,369시간 13분
2015-03-13,44시간 7분
2015-03-12,61시간 54분
2015-03-11,27시간 15분
2015-03-10,11시간 11분
2015-03-09,25시간 52분
2015-03-08,273시간 20분
2015-03-07,303시간 49분
2015-03-06,89시간 15분
2015-03-05,58시간 36분
2015-03-04,39시간 10분
2015-03-03,32시간 7분
2015-03-02,132시간 51분
2015-03-01,156시간 56분
2015-02-28,102시간 40분
2015-02-27,229시간 50분
2015-02-26,460시간 30분
2015-02-25,713시간 12분
2015-02-24,664시간 36분
2015-02-23,411시간 4분
2015-02-22,305시간 55분
2015-02-21,3시간 16분
2015-02-20,267시간 27분
2015-02-19,177시간 14분
2015-02-18,81시간 43분
2015-02-17,188시간 52분
2015-02-16,85시간 27분
2015-02-15,107시간 53분
2015-02-14,382시간 59분
2015-02-13,336시간 10분
2015-02-12,250시간 7분
2015-02-11,462시간 15분
2015-02-10,411시간 42분
2015-02-09,97시간 50분
2015-02-08,53시간 18분
2015-02-07,328시간 40분
2015-02-06,402시간 40분
2015-02-05,288시간 52분
2015-02-04,447시간 16분
2015-02-03,516시간 57분
2015-02-02,258시간 11분
2015-02-01,227시간 39분
2015-01-31,205시간 43분
2015-01-30,217시간 58분
2015-01-29,114시간 15분
2015-01-28,329시간 31분
2015-01-27,247시간 38분
2015-01-26,300시간 12분
2015-01-25,169시간 53분
2015-01-24,329시간 36분
2015-01-23,215시간 48분
2015-01-22,145시간 45분
2015-01-21,78시간 34분
2015-01-20,287시간 5분
2015-01-19,131시간 23분
2015-01-18,165시간 17분
2015-01-17,155시간 25분
2015-01-16,151시간 46분
2015-01-15,279시간 49분
2015-01-14,86시간 46분
2015-01-13,288시간 38분
2015-01-12,158시간 40분
2015-01-11,103시간 43분
2015-01-10,159시간 32분
2015-01-09,128시간 2분
2015-01-08,97시간 28분
2015-01-07,118시간 59분
2015-01-06,163시간 31분
2015-01-05,171시간 55분
2015-01-04,218시간 28분
2015-01-03,214시간 17분
2015-01-02,84시간 30분
2015-01-01,117시간 32분
