대여일,전체대여건
2018-08-17,149
2018-08-16,454
2018-08-15,320
2018-08-14,400
2018-08-13,350
2018-08-12,334
2018-08-11,437
2018-08-10,249
2018-08-09,338
2018-08-08,244
2018-08-07,326
2018-08-06,307
2018-08-05,178
2018-08-04,306
2018-08-03,349
2018-08-02,371
2018-08-01,329
2018-07-31,415
2018-07-30,285
2018-07-29,203
2018-07-28,318
2018-07-27,202
2018-07-26,191
2018-07-25,220
2018-07-24,274
2018-07-23,336
2018-07-22,338
2018-07-21,346
2018-07-20,201
2018-07-19,277
2018-07-18,259
2018-07-17,323
2018-07-16,287
2018-07-15,298
2018-07-14,415
2018-07-13,281
2018-07-12,348
2018-07-11,361
2018-07-10,426
2018-07-09,87
2018-07-08,596
2018-07-07,763
2018-07-06,287
2018-07-05,245
2018-07-04,274
2018-07-03,47
2018-07-02,97
2018-07-01,198
2018-06-30,47
2018-06-29,225
2018-06-28,16
2018-06-27,211
2018-06-26,236
2018-06-25,519
2018-06-24,620
2018-06-23,733
2018-06-22,376
2018-06-21,388
2018-06-20,282
2018-06-19,87
2018-06-18,306
2018-06-17,554
2018-06-16,673
2018-06-15,321
2018-06-14,261
2018-06-13,448
2018-06-12,272
2018-06-11,178
2018-06-10,165
2018-06-09,600
2018-06-08,290
2018-06-07,307
2018-06-06,565
2018-06-05,199
2018-06-04,351
2018-06-03,570
2018-06-02,786
2018-06-01,333
2018-05-31,238
2018-05-30,209
2018-05-29,266
2018-05-28,110
2018-05-27,514
2018-05-26,633
2018-05-25,330
2018-05-24,213
2018-05-23,324
2018-05-22,674
2018-05-21,839
2018-05-20,779
2018-05-19,691
2018-05-18,220
2018-05-17,91
2018-05-16,53
2018-05-15,226
2018-05-14,265
2018-05-13,478
2018-05-12,199
2018-05-11,267
2018-05-10,157
2018-05-09,155
2018-05-08,153
2018-05-07,314
2018-05-06,100
2018-05-05,731
2018-05-04,373
2018-05-03,181
2018-05-02,71
2018-05-01,211
2018-04-30,350
2018-04-29,542
2018-04-28,567
2018-04-27,302
2018-04-26,208
2018-04-25,141
2018-04-24,84
2018-04-23,5
2018-04-22,246
2018-04-21,702
2018-04-20,370
2018-04-19,286
2018-04-18,149
2018-04-17,204
2018-04-16,152
2018-04-15,313
2018-04-14,106
2018-04-13,190
2018-04-12,192
2018-04-11,144
2018-04-10,192
2018-04-09,203
2018-04-08,315
2018-04-07,258
2018-04-06,214
2018-04-05,56
2018-04-04,20
2018-04-03,256
2018-04-02,281
2018-04-01,666
2018-03-31,833
2018-03-30,340
2018-03-29,313
2018-03-28,196
2018-03-27,254
2018-03-26,291
2018-03-25,579
2018-03-24,529
2018-03-23,151
2018-03-22,129
2018-03-21,6
2018-03-20,46
2018-03-19,7
2018-03-18,255
2018-03-17,586
2018-03-16,105
2018-03-15,31
2018-03-14,193
2018-03-13,179
2018-03-12,144
2018-03-11,394
2018-03-10,470
2018-03-09,67
2018-03-08,27
2018-03-07,28
2018-03-06,126
2018-03-05,17
2018-03-04,109
2018-03-03,564
2018-03-02,372
2018-03-01,270
2018-02-28,29
2018-02-27,592
2018-02-26,500
2018-02-25,478
2018-02-24,515
2018-02-23,428
2018-02-22,444
2018-02-21,356
2018-02-20,512
2018-02-19,418
2018-02-18,228
2018-02-17,353
2018-02-16,209
2018-02-15,229
2018-02-14,132
2018-02-13,178
2018-02-12,75
2018-02-11,113
2018-02-10,268
2018-02-09,271
2018-02-08,117
2018-02-07,88
2018-02-06,33
2018-02-05,25
2018-02-04,32
2018-02-03,27
2018-02-02,76
2018-02-01,87
2018-01-31,89
2018-01-30,27
2018-01-29,33
2018-01-28,43
2018-01-27,74
2018-01-26,14
2018-01-25,12
2018-01-24,14
2018-01-23,25
2018-01-22,85
2018-01-21,147
2018-01-20,129
2018-01-19,96
2018-01-18,129
2018-01-17,73
2018-01-16,21
2018-01-15,114
2018-01-14,88
2018-01-13,87
2018-01-12,22
2018-01-11,11
2018-01-10,9
2018-01-09,29
2018-01-08,32
2018-01-07,71
2018-01-06,139
2018-01-05,43
2018-01-04,93
2018-01-03,60
2018-01-02,77
2018-01-01,102
2017-12-31,288
2017-12-30,368
2017-12-29,292
2017-12-28,258
2017-12-27,137
2017-12-26,143
2017-12-25,288
2017-12-24,343
2017-12-23,462
2017-12-22,228
2017-12-21,260
2017-12-20,199
2017-12-19,100
2017-12-18,93
2017-12-17,68
2017-12-16,71
2017-12-15,122
2017-12-14,114
2017-12-13,55
2017-12-12,38
2017-12-11,33
2017-12-10,275
2017-12-09,319
2017-12-08,87
2017-12-07,129
2017-12-06,80
2017-12-05,61
2017-12-04,55
2017-12-03,146
2017-12-02,132
2017-12-01,49
2017-11-30,62
2017-11-29,64
2017-11-28,104
2017-11-27,114
2017-11-26,145
2017-11-25,89
2017-11-24,47
2017-11-23,28
2017-11-22,66
2017-11-21,42
2017-11-20,53
2017-11-19,59
2017-11-18,60
2017-11-17,84
2017-11-16,101
2017-11-15,75
2017-11-14,99
2017-11-13,121
2017-11-12,189
2017-11-11,211
2017-11-10,167
2017-11-09,127
2017-11-08,92
2017-11-07,110
2017-11-06,122
2017-11-05,197
2017-11-04,226
2017-11-03,138
2017-11-02,130
2017-11-01,109
2017-10-31,91
2017-10-30,90
2017-10-29,211
2017-10-28,289
2017-10-27,155
2017-10-26,133
2017-10-25,114
2017-10-24,110
2017-10-23,145
2017-10-22,221
2017-10-21,238
2017-10-20,228
2017-10-19,147
2017-10-18,98
2017-10-17,124
2017-10-16,93
2017-10-15,124
2017-10-14,337
2017-10-13,142
2017-10-12,24
2017-10-11,149
2017-10-10,123
2017-10-09,359
2017-10-08,480
2017-10-07,531
2017-10-06,157
2017-10-05,343
2017-10-04,395
2017-10-03,353
2017-10-02,367
2017-10-01,66
2017-09-30,419
2017-09-29,181
2017-09-28,121
2017-09-27,80
2017-09-26,98
2017-09-25,158
2017-09-24,297
2017-09-23,396
2017-09-22,229
2017-09-21,161
2017-09-20,162
2017-09-19,174
2017-09-18,144
2017-09-17,209
2017-09-16,297
2017-09-15,247
2017-09-14,170
2017-09-13,164
2017-09-12,134
2017-09-11,89
2017-09-10,282
2017-09-09,345
2017-09-08,204
2017-09-07,147
2017-09-06,25
2017-09-05,110
2017-09-04,183
2017-09-03,363
2017-09-02,460
2017-09-01,216
2017-08-31,236
2017-08-30,324
2017-08-29,294
2017-08-28,218
2017-08-27,305
2017-08-26,407
2017-08-25,287
2017-08-24,255
2017-08-23,320
2017-08-22,204
2017-08-21,167
2017-08-20,195
2017-08-19,293
2017-08-18,283
2017-08-17,103
2017-08-14,60
2017-08-13,220
2017-08-12,327
2017-08-11,202
2017-08-10,250
2017-08-09,214
2017-08-08,224
2017-08-07,216
2017-08-06,138
2017-08-05,164
2017-08-04,188
2017-08-03,246
2017-08-02,302
2017-08-01,257
2017-07-31,291
2017-07-30,315
2017-07-29,327
2017-07-28,315
2017-07-27,300
2017-07-26,309
2017-07-25,193
2017-07-24,182
2017-07-23,258
2017-07-22,252
2017-07-21,118
2017-07-20,228
2017-07-19,232
2017-07-18,257
2017-07-17,164
2017-07-16,222
2017-07-15,362
2017-07-14,199
2017-07-13,253
2017-07-12,208
2017-07-11,305
2017-07-10,143
2017-07-09,220
2017-07-08,161
2017-07-07,127
2017-07-06,25
2017-07-05,115
2017-07-04,185
2017-07-03,151
2017-07-02,164
2017-07-01,306
2017-06-30,204
2017-06-29,51
2017-06-28,331
2017-06-27,300
2017-06-26,205
2017-06-25,322
2017-06-24,379
2017-06-23,312
2017-06-22,238
2017-06-21,230
2017-06-20,100
2017-06-19,190
2017-06-18,283
2017-06-17,309
2017-06-16,184
2017-06-15,165
2017-06-14,190
2017-06-13,149
2017-06-12,189
2017-06-11,227
2017-06-10,280
2017-06-09,176
2017-06-08,173
2017-06-07,141
2017-06-06,92
2017-06-05,392
2017-06-04,418
2017-06-03,418
2017-06-02,198
2017-06-01,98
2017-05-31,108
2017-05-30,163
2017-05-29,149
2017-05-28,396
2017-05-27,421
2017-05-26,197
2017-05-25,171
2017-05-24,176
2017-05-23,140
2017-05-22,186
2017-05-21,370
2017-05-20,405
2017-05-19,173
2017-05-18,158
2017-05-17,153
2017-05-16,172
2017-05-15,173
2017-05-14,331
2017-05-13,311
2017-05-12,56
2017-05-11,154
2017-05-10,148
2017-05-09,44
2017-05-08,254
2017-05-07,308
2017-05-06,626
2017-05-05,249
2017-05-04,569
2017-05-03,659
2017-05-02,427
2017-05-01,474
2017-04-30,583
2017-04-29,512
2017-04-28,278
2017-04-27,206
2017-04-26,143
2017-04-25,147
2017-04-24,143
2017-04-23,364
2017-04-22,355
2017-04-21,247
2017-04-20,127
2017-04-19,123
2017-04-18,101
2017-04-17,31
2017-04-16,375
2017-04-15,351
2017-04-14,183
2017-04-13,159
2017-04-12,145
2017-04-11,91
2017-04-10,127
2017-04-09,315
2017-04-08,490
2017-04-07,201
2017-04-06,26
2017-04-05,21
2017-04-04,182
2017-04-03,226
2017-04-02,328
2017-04-01,195
2017-03-31,116
2017-03-30,158
2017-03-29,54
2017-03-28,74
2017-03-27,79
2017-03-26,263
2017-03-25,18
2017-03-24,138
2017-03-23,165
2017-03-22,66
2017-03-21,101
2017-03-20,29
2017-03-19,421
2017-03-18,417
2017-03-17,209
2017-03-16,97
2017-03-15,127
2017-03-14,150
2017-03-13,137
2017-03-12,350
2017-03-11,298
2017-03-10,134
2017-03-09,63
2017-03-08,52
2017-03-07,46
2017-03-06,65
2017-03-05,205
2017-03-04,325
2017-03-03,118
2017-03-02,90
2017-03-01,286
2017-02-28,374
2017-02-27,375
2017-02-26,311
2017-02-25,314
2017-02-24,209
2017-02-23,127
2017-02-22,18
2017-02-21,358
2017-02-20,119
2017-02-19,248
2017-02-18,166
2017-02-17,282
2017-02-16,271
2017-02-15,328
2017-02-14,290
2017-02-13,121
2017-02-12,125
2017-02-11,71
2017-02-10,28
2017-02-09,92
2017-02-08,207
2017-02-07,306
2017-02-06,104
2017-02-05,118
2017-02-04,199
2017-02-03,275
2017-02-02,179
2017-02-01,75
2017-01-31,95
2017-01-30,71
2017-01-29,85
2017-01-28,132
2017-01-27,70
2017-01-26,113
2017-01-25,97
2017-01-24,46
2017-01-23,73
2017-01-22,41
2017-01-21,93
2017-01-20,28
2017-01-19,185
2017-01-18,136
2017-01-17,172
2017-01-16,107
2017-01-15,44
2017-01-14,28
2017-01-13,78
2017-01-12,98
2017-01-11,90
2017-01-10,98
2017-01-09,136
2017-01-08,176
2017-01-07,134
2017-01-06,143
2017-01-05,102
2017-01-04,211
2017-01-03,240
2017-01-02,165
2017-01-01,230
2016-12-31,160
2016-12-30,399
2016-12-29,565
2016-12-28,"1,484"
2016-12-27,461
2016-12-26,51
2016-12-25,"1,494"
2016-12-24,"1,287"
2016-12-23,359
2016-12-22,455
2016-12-21,298
2016-12-20,"1,249"
2016-12-19,184
2016-12-18,"1,428"
2016-12-17,811
2016-12-16,137
2016-12-15,113
2016-12-14,83
2016-12-13,556
2016-12-12,304
2016-12-11,702
2016-12-10,"1,230"
2016-12-09,500
2016-12-08,651
2016-12-07,517
2016-12-06,397
2016-12-05,542
2016-12-04,848
2016-12-03,"1,390"
2016-12-02,782
2016-12-01,444
2016-11-30,215
2016-11-29,495
2016-11-28,423
2016-11-27,876
2016-11-26,366
2016-11-25,856
2016-11-24,197
2016-11-23,518
2016-11-22,448
2016-11-21,620
2016-11-20,"2,243"
2016-11-19,"1,387"
2016-11-18,523
2016-11-17,596
2016-11-16,429
2016-11-15,798
2016-11-14,626
2016-11-13,"1,267"
2016-11-12,"1,805"
2016-11-11,"1,173"
2016-11-10,412
2016-11-09,262
2016-11-08,370
2016-11-07,717
2016-11-06,169
2016-11-05,446
2016-11-04,645
2016-11-03,435
2016-11-02,313
2016-11-01,154
2016-10-31,79
2016-10-30,538
2016-10-29,858
2016-10-28,182
2016-10-27,350
2016-10-26,460
2016-10-25,308
2016-10-24,504
2016-10-23,542
2016-10-22,"1,167"
2016-10-21,292
2016-10-20,380
2016-10-19,501
2016-10-18,334
2016-10-17,310
2016-10-16,128
2016-10-15,941
2016-10-14,612
2016-10-13,536
2016-10-12,356
2016-10-11,161
2016-10-10,144
2016-10-09,294
2016-10-08,75
2016-10-07,73
2016-10-06,160
2016-10-05,67
2016-10-04,84
2016-10-03,323
2016-10-02,525
2016-10-01,299
2016-09-30,24
2016-09-29,51
2016-09-28,33
2016-09-27,147
2016-09-26,84
2016-09-25,333
2016-09-24,336
2016-09-23,187
2016-09-22,143
2016-09-21,142
2016-09-20,136
2016-09-19,124
2016-09-18,102
2016-09-17,10
2016-09-16,321
2016-09-15,273
2016-09-14,217
2016-09-13,172
2016-09-12,126
2016-09-11,281
2016-09-10,341
2016-09-09,207
2016-09-08,179
2016-09-07,122
2016-09-06,129
2016-09-05,182
2016-09-04,243
2016-09-03,231
2016-09-02,26
2016-09-01,211
2016-08-31,297
2016-08-30,370
2016-08-29,430
2016-08-28,172
2016-08-27,435
2016-08-26,350
2016-08-25,473
2016-08-24,510
2016-08-23,560
2016-08-22,343
2016-08-21,278
2016-08-20,226
2016-08-19,256
2016-08-18,382
2016-08-17,451
2016-08-16,357
2016-08-15,321
2016-08-14,389
2016-08-13,326
2016-08-12,287
2016-08-11,266
2016-08-10,294
2016-08-09,394
2016-08-08,301
2016-08-07,263
2016-08-06,272
2016-08-05,382
2016-08-04,338
2016-08-03,425
2016-08-02,340
2016-08-01,275
2016-07-31,254
2016-07-30,211
2016-07-29,298
2016-07-28,313
2016-07-27,310
2016-07-26,323
2016-07-25,360
2016-07-24,289
2016-07-23,299
2016-07-22,308
2016-07-21,327
2016-07-20,368
2016-07-19,456
2016-07-18,384
2016-07-17,255
2016-07-16,136
2016-07-15,272
2016-07-14,271
2016-07-13,352
2016-07-12,41
2016-07-11,198
2016-07-10,193
2016-07-09,236
2016-07-08,212
2016-07-07,292
2016-07-06,324
2016-07-05,144
2016-07-04,130
2016-07-03,23
2016-07-02,82
2016-07-01,52
2016-06-30,472
2016-06-29,451
2016-06-28,520
2016-06-27,231
2016-06-26,346
2016-06-25,310
2016-06-24,34
2016-06-23,313
2016-06-22,49
2016-06-21,207
2016-06-20,49
2016-06-19,215
2016-06-18,204
2016-06-17,210
2016-06-16,192
2016-06-15,114
2016-06-14,183
2016-06-13,134
2016-06-12,172
2016-06-11,269
2016-06-10,204
2016-06-09,209
2016-06-08,181
2016-06-07,183
2016-06-06,278
2016-06-05,517
2016-06-04,51
2016-06-03,189
2016-06-02,168
2016-06-01,170
2016-05-31,183
2016-05-30,160
2016-05-29,201
2016-05-28,259
2016-05-27,139
2016-05-26,108
2016-05-25,140
2016-05-24,49
2016-05-23,114
2016-05-22,282
2016-05-21,262
2016-05-20,218
2016-05-19,146
2016-05-18,136
2016-05-17,153
2016-05-16,146
2016-05-15,198
2016-05-14,296
2016-05-13,224
2016-05-12,148
2016-05-11,127
2016-05-10,12
2016-05-09,113
2016-05-08,182
2016-05-07,339
2016-05-06,427
2016-05-05,665
2016-05-04,235
2016-05-03,48
2016-05-02,94
2016-05-01,290
2016-04-30,344
2016-04-29,156
2016-04-28,109
2016-04-27,7
2016-04-26,54
2016-04-25,126
2016-04-24,278
2016-04-23,304
2016-04-22,200
2016-04-21,53
2016-04-20,144
2016-04-19,136
2016-04-18,136
2016-04-17,194
2016-04-16,43
2016-04-15,163
2016-04-14,171
2016-04-13,58
2016-04-12,117
2016-04-11,76
2016-04-10,348
2016-04-09,289
2016-04-08,185
2016-04-07,71
2016-04-06,48
2016-04-05,131
2016-04-04,71
2016-04-03,16
2016-04-02,302
2016-04-01,172
2016-03-31,151
2016-03-30,109
2016-03-29,120
2016-03-28,98
2016-03-27,303
2016-03-26,223
2016-03-25,148
2016-03-24,61
2016-03-23,63
2016-03-22,72
2016-03-21,120
2016-03-20,227
2016-03-19,367
2016-03-18,33
2016-03-17,147
2016-03-16,116
2016-03-15,53
2016-03-14,92
2016-03-13,79
2016-03-12,201
2016-03-11,72
2016-03-10,50
2016-03-09,71
2016-03-08,34
2016-03-07,128
2016-03-06,264
2016-03-05,19
2016-03-04,43
2016-03-03,145
2016-03-02,103
2016-03-01,181
2016-02-29,82
2016-02-28,312
2016-02-27,400
2016-02-26,287
2016-02-25,213
2016-02-24,218
2016-02-23,392
2016-02-22,256
2016-02-21,234
2016-02-20,329
2016-02-19,374
2016-02-18,345
2016-02-17,336
2016-02-16,121
2016-02-15,137
2016-02-14,104
2016-02-13,30
2016-02-12,52
2016-02-11,319
2016-02-10,268
2016-02-09,189
2016-02-08,107
2016-02-07,71
2016-02-06,44
2016-02-05,109
2016-02-04,106
2016-02-03,184
2016-02-02,172
2016-02-01,87
2016-01-31,146
2016-01-30,52
2016-01-29,5
2016-01-28,22
2016-01-27,229
2016-01-26,129
2016-01-25,70
2016-01-24,5
2016-01-23,35
2016-01-22,99
2016-01-21,86
2016-01-20,138
2016-01-19,44
2016-01-18,69
2016-01-17,5
2016-01-16,193
2016-01-15,159
2016-01-14,145
2016-01-13,138
2016-01-12,134
2016-01-11,171
2016-01-10,175
2016-01-09,135
2016-01-08,115
2016-01-07,114
2016-01-06,140
2016-01-05,68
2016-01-04,45
2016-01-03,50
2016-01-02,34
2016-01-01,9
